productId,colour,size,publicSku,barcode,onHand,incoming,grossSales,returns,exchangeOut,exchangeIn,retainedDemand,forecastWeeklyUnits,weeksOfCover,decision
DL-BRA,Dark Leopard / Dark Leo,70A,U-329-001-70A,4055403909388,42,0,6,1,0,0,5,3,14.0,REDUCE_NEXT_BUY
DL-BRA,Dark Leopard / Dark Leo,70B,U-329-001-70B,4055403909326,32,12,8,1,0,0,7,4,8.0,HOLD
DL-BRA,Dark Leopard / Dark Leo,70C,U-329-001-70C,4055403909500,34,12,10,1,1,1,9,5,6.8,HOLD
DL-BRA,Dark Leopard / Dark Leo,70D,U-329-001-70D,4055403909449,28,10,7,1,1,0,5,3,9.3,HOLD
DL-BRA,Dark Leopard / Dark Leo,75A,U-329-001-75A,4055403909371,31,12,8,1,0,0,7,4,7.8,HOLD
DL-BRA,Dark Leopard / Dark Leo,75B,U-329-001-75B,4055403909319,45,18,13,1,1,0,11,7,6.4,HOLD
DL-BRA,Dark Leopard / Dark Leo,75C,U-329-001-75C,4055403909494,38,12,19,2,1,1,17,10,3.8,REPLENISH
DL-BRA,Dark Leopard / Dark Leo,75D,U-329-001-75D,4055403909432,42,18,13,2,1,1,11,7,6.0,HOLD
DL-BRA,Dark Leopard / Dark Leo,80A,U-329-001-80A,4055403909364,36,12,9,1,0,0,8,5,7.2,HOLD
DL-BRA,Dark Leopard / Dark Leo,80B,U-329-001-80B,4055403909302,52,18,17,2,1,1,15,9,5.8,HOLD
DL-BRA,Dark Leopard / Dark Leo,80C,U-329-001-80C,4055403909487,34,10,22,2,1,2,21,12,2.8,BUY_DEEPER
DL-BRA,Dark Leopard / Dark Leo,80D,U-329-001-80D,4055403909425,34,16,15,2,2,1,12,8,4.3,WATCH
DL-BRA,Dark Leopard / Dark Leo,85A,U-329-001-85A,4055403909357,31,10,8,1,0,0,7,4,7.8,HOLD
DL-BRA,Dark Leopard / Dark Leo,85B,U-329-001-85B,4055403909296,48,18,14,1,1,1,13,8,6.0,HOLD
DL-BRA,Dark Leopard / Dark Leo,85C,U-329-001-85C,4055403909470,35,8,18,2,1,1,16,10,3.5,REPLENISH
DL-BRA,Dark Leopard / Dark Leo,85D,U-329-001-85D,4055403909418,40,16,12,1,1,0,10,7,5.7,HOLD
DL-BRA,Dark Leopard / Dark Leo,90A,U-329-001-90A,4055403909340,27,8,6,0,0,0,6,3,9.0,HOLD
DL-BRA,Dark Leopard / Dark Leo,90B,U-329-001-90B,4055403909289,23,8,9,1,1,0,7,5,4.6,WATCH
DL-BRA,Dark Leopard / Dark Leo,90C,U-329-001-90C,4055403909463,34,12,10,1,1,1,9,6,5.7,HOLD
DL-BRA,Dark Leopard / Dark Leo,90D,U-329-001-90D,4055403909401,29,10,7,1,0,0,6,4,7.3,HOLD
DL-BRA,Dark Leopard / Dark Leo,95A,U-329-001-95A,4055403909333,24,0,4,0,0,0,4,2,12.0,HOLD
DL-BRA,Dark Leopard / Dark Leo,95B,U-329-001-95B,4055403909272,26,0,5,1,0,0,4,3,8.7,HOLD
DL-BRA,Dark Leopard / Dark Leo,95C,U-329-001-95C,4055403909456,30,8,6,1,0,0,5,4,7.5,HOLD
DL-BRA,Dark Leopard / Dark Leo,95D,U-329-001-95D,4055403909395,28,0,3,1,0,0,2,2,14.0,REDUCE_NEXT_BUY
DL-BTM,Dark Leopard / Dark Leo,36,U-330-002-36,4055403909197,32,0,7,1,0,0,6,4,8.0,HOLD
DL-BTM,Dark Leopard / Dark Leo,38,U-330-002-38,4055403909180,42,12,12,1,1,0,10,7,6.0,HOLD
DL-BTM,Dark Leopard / Dark Leo,40,U-330-002-40,4055403909173,38,8,18,1,1,1,17,10,3.8,REPLENISH
DL-BTM,Dark Leopard / Dark Leo,42,U-330-002-42,4055403909166,66,15,22,2,1,1,20,12,5.5,HOLD
DL-BTM,Dark Leopard / Dark Leo,44,U-330-002-44,4055403909159,55,10,14,1,1,0,12,8,6.9,HOLD
DL-BTM,Dark Leopard / Dark Leo,46,U-330-002-46,4055403909142,40,0,8,1,1,0,6,4,10.0,WATCH
DL-BTM,Dark Leopard / Dark Leo,48,U-330-002-48,4055403909135,28,0,4,1,0,0,3,2,14.0,REDUCE_NEXT_BUY
PL-BRA,Plum,75A,U-296-001-75A,4055403909012,30,0,6,1,0,0,5,3,10.0,HOLD
PL-BRA,Plum,75B,U-296-001-75B,4055403908978,32,10,10,1,0,0,9,5,6.4,HOLD
PL-BRA,Plum,75C,U-296-001-75C,4055403909128,26,8,17,2,1,1,15,9,2.9,BUY_DEEPER
PL-BRA,Plum,75D,U-296-001-75D,4055403909081,34,12,12,1,1,0,10,6,5.7,HOLD
PL-BRA,Plum,75E,U-296-001-75E,4055403909043,29,0,6,1,1,0,4,3,9.7,WATCH
PL-BRA,Plum,80A,U-296-001-80A,4055403909005,32,8,7,1,0,0,6,4,8.0,HOLD
PL-BRA,Plum,80B,U-296-001-80B,4055403908961,35,12,13,1,1,1,12,7,5.0,HOLD
PL-BRA,Plum,80C,U-296-001-80C,4055403909111,24,6,21,2,1,2,20,11,2.2,BUY_DEEPER
PL-BRA,Plum,80D,U-296-001-80D,4055403909074,31,8,15,2,1,1,13,8,3.9,REPLENISH
PL-BRA,Plum,80E,U-296-001-80E,4055403909036,30,10,8,1,1,0,6,4,7.5,HOLD
PL-BRA,Plum,85A,U-296-001-85A,4055403908992,29,8,6,0,0,0,6,3,9.7,HOLD
PL-BRA,Plum,85B,U-296-001-85B,4055403908954,33,10,11,1,1,1,10,6,5.5,HOLD
PL-BRA,Plum,85C,U-296-001-85C,4055403909104,28,8,17,2,1,1,15,9,3.1,REPLENISH
PL-BRA,Plum,85D,U-296-001-85D,4055403909067,36,12,11,1,1,0,9,6,6.0,HOLD
PL-BRA,Plum,85E,U-296-001-85E,4055403909029,32,8,6,1,0,0,5,3,10.7,HOLD
PL-BRA,Plum,90A,U-296-001-90A,4055403908985,24,0,4,0,0,0,4,2,12.0,HOLD
PL-BRA,Plum,90B,U-296-001-90B,4055403908947,28,8,7,1,0,0,6,4,7.0,HOLD
PL-BRA,Plum,90C,U-296-001-90C,4055403909098,31,8,9,1,1,0,7,5,6.2,HOLD
PL-BRA,Plum,90D,U-296-001-90D,4055403909050,40,0,5,1,0,0,4,3,13.3,REDUCE_NEXT_BUY
PL-BTM,Plum,36,U-330-001-36,4055403909265,28,0,6,1,0,0,5,3,9.3,HOLD
PL-BTM,Plum,38,U-330-001-38,4055403909258,30,8,10,1,1,0,8,6,5.0,WATCH
PL-BTM,Plum,40,U-330-001-40,4055403909241,31,8,17,1,1,1,16,9,3.4,REPLENISH
PL-BTM,Plum,42,U-330-001-42,4055403909234,64,14,20,2,1,1,18,11,5.8,HOLD
PL-BTM,Plum,44,U-330-001-44,4055403909227,52,10,13,1,1,0,11,7,7.4,HOLD
PL-BTM,Plum,46,U-330-001-46,4055403909210,38,0,8,1,1,0,6,4,9.5,HOLD
PL-BTM,Plum,48,U-330-001-48,4055403909203,26,0,4,1,0,0,3,2,13.0,REDUCE_NEXT_BUY
CP-BRA,Candy Pink,XS,U-285-004-XS,7333468033888,40,0,11,1,1,0,9,5,8.0,HOLD
CP-BRA,Candy Pink,S,U-285-004-S,7333468033895,42,20,22,2,1,1,20,11,3.8,REPLENISH
CP-BRA,Candy Pink,M,U-285-004-M,7333468033901,36,30,36,2,1,4,37,18,2.0,BUY_DEEPER
CP-BRA,Candy Pink,L,U-285-004-L,7333468033918,54,18,30,4,4,1,23,14,3.9,HOLD
CP-BRA,Candy Pink,XL,U-285-004-XL,7333468033925,56,10,15,2,2,1,12,8,7.0,HOLD
CP-BRA,Candy Pink,XXL,U-285-004-XXL,7333468033932,48,0,7,1,1,0,5,4,12.0,REDUCE_NEXT_BUY
CP-BRA,Candy Pink,3XL,U-285-004-3XL,7333468033949,24,0,4,0,0,0,4,2,12.0,WATCH
CP-BTM,Candy Pink,XS,U-260-003-XS,7333468034021,38,0,9,1,0,0,8,4,9.5,HOLD
CP-BTM,Candy Pink,S,U-260-003-S,7333468034038,40,16,18,1,1,1,17,9,4.4,REPLENISH
CP-BTM,Candy Pink,M,U-260-003-M,7333468034045,28,24,31,2,1,3,31,16,1.8,BUY_DEEPER
CP-BTM,Candy Pink,L,U-260-003-L,7333468034052,47,14,26,3,3,1,21,13,3.6,HOLD
CP-BTM,Candy Pink,XL,U-260-003-XL,7333468034069,45,8,13,2,1,1,11,7,6.4,WATCH
CP-BTM,Candy Pink,XXL,U-260-003-XXL,7333468034076,37,0,6,1,1,0,4,3,12.3,REDUCE_NEXT_BUY
CP-BTM,Candy Pink,3XL,U-260-003-3XL,7333468034083,22,0,3,0,0,0,3,2,11.0,HOLD
CH-BRA,Cherry,XS,U-257-002-XS,7333468033604,34,0,9,1,1,0,7,4,8.5,HOLD
CH-BRA,Cherry,S,U-257-002-S,7333468033611,38,16,18,1,1,1,17,9,4.2,REPLENISH
CH-BRA,Cherry,M,U-257-002-M,7333468033628,33,22,30,2,1,4,31,15,2.2,BUY_DEEPER
CH-BRA,Cherry,L,U-257-002-L,7333468033635,50,18,34,4,6,1,25,13,3.8,INVESTIGATE
CH-BRA,Cherry,XL,U-257-002-XL,7333468033642,38,10,16,2,2,1,13,8,4.8,WATCH
CH-BRA,Cherry,XXL,U-257-002-XXL,7333468033659,36,0,8,1,1,0,6,4,9.0,HOLD
CH-BRA,Cherry,3XL,U-257-002-3XL,7333468033666,25,0,4,1,0,0,3,2,12.5,REDUCE_NEXT_BUY
CH-BTM,Cherry,XS,U-260-002-XS,7333468034090,30,0,7,1,0,0,6,3,10.0,HOLD
CH-BTM,Cherry,S,U-260-002-S,7333468034106,32,14,16,1,1,1,15,8,4.0,REPLENISH
CH-BTM,Cherry,M,U-260-002-M,7333468034113,24,20,27,2,1,3,27,14,1.7,REPLENISH
CH-BTM,Cherry,L,U-260-002-L,7333468034120,44,14,24,3,3,1,19,12,3.7,HOLD
CH-BTM,Cherry,XL,U-260-002-XL,7333468034137,39,8,12,2,1,1,10,7,5.6,WATCH
CH-BTM,Cherry,XXL,U-260-002-XXL,7333468034144,31,0,6,1,1,0,4,3,10.3,REDUCE_NEXT_BUY
CH-BTM,Cherry,3XL,U-260-002-3XL,7333468034151,20,0,3,0,0,0,3,2,10.0,HOLD
